"Positions for account Scwab New BS ...015 as of 12:48 PM ET, 2026/04/24"

"Symbol","Description","Qty (Quantity)","Price","Day Chng $ (Day Change $)","Day Chng % (Day Change %)","Price Chng % (Price Change %)","Gain $ (Gain/Loss $)","Gain % (Gain/Loss %)","Price Chng $ (Price Change $)","Mkt Val (Market Value)","Cost Basis","Reinvest?","Reinvest Capital Gains?","Asset Type",
"AMD","ADVANCED MICRO DEVIC","2","350.5112","$90.36","14.8%","14.8%","$136.84","24.25%","45.1812","$701.02","$564.18","No","N/A","Equity",
"AMZN","AMAZON.COM INC","4","261.992","$27.65","2.71%","2.71%","$28.02","2.75%","6.912","$1,047.97","$1,019.95","No","N/A","Equity",
"AVGO","BROADCOM INC","2","420.20","$0.52","0.06%","0.06%","$38.01","4.74%","0.26","$840.40","$802.39","No","N/A","Equity",
"CRWD","CROWDSTRIKE HLDGS INC CLASS A","3","441.70","-$11.07","-0.83%","-0.83%","-$66.78","-4.8%","-3.69","$1,325.10","$1,391.88","No","N/A","Equity",
"DELL","DELL TECHNOLOGIES INC CLASS CLASS C","2","217.18","$10.08","2.38%","2.38%","$4.39","1.02%","5.04","$434.36","$429.97","No","N/A","Equity",
"PLTR","PALANTIR TECHNOLOGIES INCLASS CLASS A","7","141.44","-$0.91","-0.09%","-0.09%","-$41.34","-4.01%","-0.13","$990.08","$1,031.42","No","N/A","Equity",
"VRT","VERTIV HLDGS CO CLASS CLASS A","2","327.7952","$12.09","1.88%","1.88%","$55.59","9.26%","6.0452","$655.59","$600.00","No","N/A","Equity",
"Cash & Cash Investments","--","--","--","$1,200.70","6.46%","--","--","--","--","$19,774.67","--","--","--","Cash and Money Market",
"Positions Total","","--","--","$1,329.42","5.16%","--","$154.73","2.65%","--","$25,769.19","$5,839.79","--","--","--",
